reading_id,facility_id,well_pad,timestamp,steam_injection_rate,oil_production_rate,sor_ratio,reservoir_pressure_kpa,bottomhole_temp_celsius,emulsion_water_pct,alert_triggered
WM00001,F002,Pad A-5,2025-06-01 00:00:00,2695.0,485.1,5.39,1611.0,244.9,35.2,False
WM00002,F004,Pad A-15,2025-06-01 02:00:00,2751.9,184.9,5.21,3417.0,277.4,28.5,False
WM00003,F001,Pad A-5,2025-06-01 04:00:00,1724.1,587.4,5.4,1578.0,217.7,33.6,False
WM00004,F001,Pad A-8,2025-06-01 06:00:00,2197.3,679.0,3.06,2829.0,278.7,16.3,False
WM00005,F001,Pad A-3,2025-06-01 08:00:00,2207.6,819.2,4.43,1565.0,245.2,26.6,False
WM00006,F002,Pad A-15,2025-06-01 10:00:00,2248.8,389.4,4.04,2094.0,266.7,37.4,False
WM00007,F002,Pad A-11,2025-06-01 12:00:00,2438.2,409.4,3.77,4039.0,227.4,44.4,True
WM00008,F004,Pad A-4,2025-06-01 14:00:00,2890.1,966.2,2.27,2461.0,252.0,43.9,False
WM00009,F003,Pad A-3,2025-06-01 16:00:00,3429.5,622.2,2.89,2872.0,265.7,29.7,False
WM00010,F002,Pad A-1,2025-06-01 18:00:00,1799.8,853.0,5.23,1850.0,242.8,30.8,False
WM00011,F004,Pad A-1,2025-06-01 20:00:00,1241.1,904.5,2.91,1848.0,210.8,36.4,False
WM00012,F003,Pad A-13,2025-06-01 22:00:00,3486.9,443.1,4.16,3711.0,217.1,28.3,False
WM00013,F001,Pad A-8,2025-06-02 00:00:00,1266.8,204.4,3.72,1609.0,242.4,40.8,False
WM00014,F004,Pad A-9,2025-06-02 02:00:00,2026.2,445.3,5.22,2164.0,211.7,56.8,False
WM00015,F003,Pad A-13,2025-06-02 04:00:00,1029.2,729.6,2.12,1776.0,220.4,15.3,False
WM00016,F003,Pad A-7,2025-06-02 06:00:00,528.2,328.0,2.31,2560.0,279.4,52.0,False
WM00017,F004,Pad A-6,2025-06-02 08:00:00,2805.3,392.4,4.93,3901.0,197.6,24.5,False
WM00018,F003,Pad A-8,2025-06-02 10:00:00,2094.7,1099.5,2.66,1943.0,181.9,26.8,False
WM00019,F004,Pad A-9,2025-06-02 12:00:00,2523.0,634.7,4.32,2581.0,225.9,50.9,False
WM00020,F001,Pad A-2,2025-06-02 14:00:00,1939.4,1088.7,2.16,3627.0,224.6,53.9,False
WM00021,F003,Pad A-11,2025-06-02 16:00:00,2038.1,557.4,3.14,3277.0,253.1,40.7,False
WM00022,F004,Pad A-2,2025-06-02 18:00:00,2707.1,817.0,2.91,1631.0,236.7,58.7,False
WM00023,F002,Pad A-9,2025-06-02 20:00:00,2267.9,127.8,4.76,2040.0,257.0,31.4,False
WM00024,F002,Pad A-8,2025-06-02 22:00:00,3387.2,406.8,4.38,3035.0,279.5,45.8,False
WM00025,F002,Pad A-4,2025-06-03 00:00:00,3398.0,313.8,2.8,1612.0,242.7,44.5,False
WM00026,F004,Pad A-4,2025-06-03 02:00:00,2173.7,205.3,4.58,2810.0,277.7,55.3,False
WM00027,F003,Pad A-3,2025-06-03 04:00:00,1054.2,629.5,3.47,3731.0,206.1,31.2,False
WM00028,F003,Pad A-1,2025-06-03 06:00:00,863.0,1111.6,2.89,3681.0,216.8,37.0,False
WM00029,F001,Pad A-9,2025-06-03 08:00:00,929.7,894.6,4.31,1667.0,241.5,27.6,False
WM00030,F001,Pad A-2,2025-06-03 10:00:00,1309.2,334.5,2.98,3585.0,215.8,33.8,False
WM00031,F002,Pad A-5,2025-06-03 12:00:00,2715.9,473.3,2.57,3574.0,269.8,40.7,False
WM00032,F004,Pad A-1,2025-06-03 14:00:00,887.0,843.8,4.7,1790.0,251.1,54.5,False
WM00033,F002,Pad A-4,2025-06-03 16:00:00,2721.3,760.3,4.27,2291.0,199.3,16.8,False
WM00034,F004,Pad A-13,2025-06-03 18:00:00,3449.6,712.2,2.09,1757.0,194.6,19.2,False
WM00035,F001,Pad A-15,2025-06-03 20:00:00,1477.1,784.4,2.64,3103.0,229.0,59.9,False
WM00036,F003,Pad A-15,2025-06-03 22:00:00,947.3,119.2,3.04,3630.0,183.1,36.5,False
WM00037,F002,Pad A-14,2025-06-04 00:00:00,1083.1,1021.6,3.24,2452.0,211.2,42.4,False
WM00038,F002,Pad A-1,2025-06-04 02:00:00,2150.6,1166.9,4.55,1624.0,241.5,59.5,False
WM00039,F002,Pad A-11,2025-06-04 04:00:00,1823.0,866.3,2.43,2973.0,186.0,32.4,False
WM00040,F003,Pad A-2,2025-06-04 06:00:00,3265.9,1199.8,5.03,3158.0,259.8,36.5,False
WM00041,F004,Pad A-9,2025-06-04 08:00:00,750.1,201.3,4.03,2409.0,237.2,55.4,True
WM00042,F004,Pad A-5,2025-06-04 10:00:00,3408.7,152.7,2.35,3971.0,269.2,26.6,False
WM00043,F004,Pad A-12,2025-06-04 12:00:00,1156.9,1162.7,2.9,4267.0,205.9,49.3,False
WM00044,F001,Pad A-9,2025-06-04 14:00:00,1564.4,706.0,3.92,3553.0,236.6,19.1,False
WM00045,F001,Pad A-6,2025-06-04 16:00:00,3051.0,405.0,4.68,2932.0,180.7,33.2,False
WM00046,F001,Pad A-3,2025-06-04 18:00:00,3038.8,239.4,3.53,3483.0,243.6,34.4,False
WM00047,F004,Pad A-12,2025-06-04 20:00:00,3235.0,463.2,3.01,2329.0,191.7,50.2,False
WM00048,F004,Pad A-9,2025-06-04 22:00:00,2159.5,541.8,2.07,4406.0,214.4,40.6,False
WM00049,F003,Pad A-4,2025-06-05 00:00:00,1649.2,783.2,3.54,2267.0,218.0,51.1,False
WM00050,F003,Pad A-6,2025-06-05 02:00:00,1352.8,535.2,5.3,3174.0,238.6,57.7,False
WM00051,F004,Pad A-3,2025-06-05 04:00:00,963.5,452.8,2.38,4226.0,232.3,27.0,False
WM00052,F002,Pad A-4,2025-06-05 06:00:00,2621.6,162.6,2.87,2093.0,222.9,44.9,False
WM00053,F004,Pad A-15,2025-06-05 08:00:00,2568.4,545.0,5.44,3948.0,218.7,16.9,False
WM00054,F001,Pad A-5,2025-06-05 10:00:00,1974.8,163.0,4.0,4001.0,187.5,40.6,False
WM00055,F002,Pad A-14,2025-06-05 12:00:00,2413.6,302.4,4.35,1530.0,279.4,43.4,False
WM00056,F002,Pad A-6,2025-06-05 14:00:00,2079.5,556.6,5.01,2818.0,181.4,40.8,False
WM00057,F002,Pad A-14,2025-06-05 16:00:00,2735.3,542.4,2.26,2239.0,218.0,50.0,False
WM00058,F004,Pad A-4,2025-06-05 18:00:00,2948.9,1000.9,3.1,3749.0,226.8,24.0,False
WM00059,F004,Pad A-12,2025-06-05 20:00:00,2374.3,786.6,2.72,3897.0,241.1,26.0,False
WM00060,F003,Pad A-6,2025-06-05 22:00:00,1926.1,151.9,2.59,1806.0,200.0,32.8,False
WM00061,F003,Pad A-10,2025-06-06 00:00:00,3419.0,1033.7,5.06,2207.0,253.2,34.7,False
WM00062,F001,Pad A-15,2025-06-06 02:00:00,2291.3,651.5,3.06,3173.0,185.4,32.1,False
WM00063,F003,Pad A-11,2025-06-06 04:00:00,2333.5,1117.7,3.65,1932.0,232.8,49.4,False
WM00064,F002,Pad A-1,2025-06-06 06:00:00,2615.0,884.0,5.09,3718.0,216.2,48.2,False
WM00065,F004,Pad A-14,2025-06-06 08:00:00,2504.9,621.4,4.52,1927.0,225.9,46.9,False
WM00066,F004,Pad A-2,2025-06-06 10:00:00,1990.0,1034.3,2.39,4396.0,195.9,38.9,False
WM00067,F001,Pad A-10,2025-06-06 12:00:00,3438.4,192.8,4.94,2960.0,230.1,58.3,False
WM00068,F003,Pad A-7,2025-06-06 14:00:00,3264.6,1025.8,2.97,3838.0,202.4,54.8,False
WM00069,F002,Pad A-13,2025-06-06 16:00:00,2773.9,591.5,3.6,2153.0,246.8,28.5,False
WM00070,F002,Pad A-11,2025-06-06 18:00:00,2597.2,1018.4,4.27,4263.0,273.5,38.2,False
WM00071,F001,Pad A-9,2025-06-06 20:00:00,1194.4,607.2,3.64,1820.0,184.3,28.2,False
WM00072,F002,Pad A-15,2025-06-06 22:00:00,1363.5,707.5,5.49,3047.0,228.0,20.1,False
WM00073,F004,Pad A-10,2025-06-07 00:00:00,1182.5,1087.7,2.68,2301.0,241.3,40.0,False
WM00074,F003,Pad A-13,2025-06-07 02:00:00,1138.9,193.9,3.61,3577.0,274.0,23.0,False
WM00075,F001,Pad A-8,2025-06-07 04:00:00,1774.7,602.0,3.77,1643.0,243.4,54.1,False
WM00076,F001,Pad A-2,2025-06-07 06:00:00,617.8,1021.3,4.05,4080.0,201.3,54.4,False
WM00077,F002,Pad A-1,2025-06-07 08:00:00,3181.2,772.0,3.95,3779.0,212.9,59.0,False
WM00078,F004,Pad A-3,2025-06-07 10:00:00,1485.9,310.9,4.0,4262.0,221.3,47.6,False
WM00079,F002,Pad A-6,2025-06-07 12:00:00,1403.1,1060.4,5.42,3783.0,227.5,51.9,False
WM00080,F001,Pad A-5,2025-06-07 14:00:00,957.1,783.8,2.92,4471.0,238.6,50.9,False
WM00081,F004,Pad A-8,2025-06-07 16:00:00,1173.6,265.5,2.41,2647.0,229.4,21.6,False
WM00082,F004,Pad A-10,2025-06-07 18:00:00,1412.3,634.3,3.6,1583.0,275.9,49.2,False
WM00083,F002,Pad A-10,2025-06-07 20:00:00,666.1,968.2,2.89,2618.0,181.3,27.4,False
WM00084,F002,Pad A-15,2025-06-07 22:00:00,2350.6,186.3,5.2,2145.0,265.2,32.4,False
WM00085,F004,Pad A-13,2025-06-08 00:00:00,2914.6,329.0,4.5,3885.0,213.1,29.9,False
WM00086,F003,Pad A-13,2025-06-08 02:00:00,2282.8,630.1,2.11,2300.0,271.4,40.2,False
WM00087,F004,Pad A-4,2025-06-08 04:00:00,1447.0,1076.8,4.82,2866.0,279.7,29.5,False
WM00088,F001,Pad A-6,2025-06-08 06:00:00,3223.2,785.7,5.16,3024.0,198.1,33.1,False
WM00089,F003,Pad A-11,2025-06-08 08:00:00,1732.8,182.1,2.68,4446.0,278.5,51.6,False
WM00090,F004,Pad A-1,2025-06-08 10:00:00,641.8,725.2,4.85,2952.0,269.6,54.9,False
WM00091,F004,Pad A-13,2025-06-08 12:00:00,3035.3,366.0,5.1,2419.0,188.6,48.5,False
WM00092,F004,Pad A-14,2025-06-08 14:00:00,3078.6,485.6,5.19,1910.0,232.7,50.5,False
WM00093,F002,Pad A-9,2025-06-08 16:00:00,835.6,926.7,3.14,1580.0,191.2,23.7,False
WM00094,F001,Pad A-2,2025-06-08 18:00:00,3263.4,929.0,4.35,2623.0,277.0,25.0,False
WM00095,F002,Pad A-2,2025-06-08 20:00:00,2139.9,515.6,3.75,1527.0,238.9,58.1,False
WM00096,F001,Pad A-10,2025-06-08 22:00:00,677.3,168.8,2.98,3001.0,186.5,48.3,False
WM00097,F002,Pad A-3,2025-06-09 00:00:00,1102.6,104.3,3.36,2049.0,221.2,20.2,False
WM00098,F004,Pad A-14,2025-06-09 02:00:00,2633.2,748.1,2.47,2220.0,193.8,43.7,False
WM00099,F001,Pad A-1,2025-06-09 04:00:00,1868.2,232.9,3.5,4198.0,256.5,16.7,False
WM00100,F004,Pad A-12,2025-06-09 06:00:00,1688.8,649.9,3.21,3465.0,211.7,54.1,False
WM00101,F001,Pad A-7,2025-06-09 08:00:00,710.2,308.3,3.09,4182.0,205.5,20.0,True
WM00102,F001,Pad A-14,2025-06-09 10:00:00,1548.0,676.4,4.85,1870.0,271.9,22.7,False
WM00103,F001,Pad A-8,2025-06-09 12:00:00,955.7,501.2,4.15,3820.0,192.3,31.6,False
WM00104,F001,Pad A-8,2025-06-09 14:00:00,2519.4,374.1,3.26,4062.0,211.4,29.4,False
WM00105,F002,Pad A-5,2025-06-09 16:00:00,2986.7,212.7,5.44,3699.0,277.6,18.1,False
WM00106,F003,Pad A-14,2025-06-09 18:00:00,2234.7,863.8,5.47,1586.0,244.9,27.4,False
WM00107,F002,Pad A-5,2025-06-09 20:00:00,2555.0,733.0,2.37,3842.0,205.1,18.6,False
WM00108,F001,Pad A-1,2025-06-09 22:00:00,690.1,474.5,2.32,4250.0,212.0,35.7,False
WM00109,F003,Pad A-11,2025-06-10 00:00:00,1148.2,1175.9,3.22,3257.0,192.8,43.1,False
WM00110,F002,Pad A-2,2025-06-10 02:00:00,1028.6,783.5,3.34,3935.0,272.0,56.6,False
WM00111,F002,Pad A-11,2025-06-10 04:00:00,3123.9,290.5,4.5,1712.0,215.9,22.7,False
WM00112,F003,Pad A-2,2025-06-10 06:00:00,2550.0,437.3,3.45,2288.0,213.4,37.3,False
WM00113,F002,Pad A-1,2025-06-10 08:00:00,1587.7,992.8,5.47,3491.0,269.2,50.2,False
WM00114,F002,Pad A-3,2025-06-10 10:00:00,700.6,984.2,3.34,4430.0,195.0,41.4,False
WM00115,F003,Pad A-4,2025-06-10 12:00:00,1255.7,849.7,4.46,2802.0,248.0,28.7,False
WM00116,F004,Pad A-12,2025-06-10 14:00:00,890.3,808.4,2.49,1838.0,265.2,19.9,False
WM00117,F003,Pad A-10,2025-06-10 16:00:00,1546.6,424.2,5.44,2751.0,225.0,21.7,False
WM00118,F001,Pad A-7,2025-06-10 18:00:00,3103.9,1094.1,4.94,2340.0,275.7,39.7,False
WM00119,F001,Pad A-8,2025-06-10 20:00:00,638.5,916.4,4.09,2653.0,237.5,43.5,False
WM00120,F001,Pad A-14,2025-06-10 22:00:00,1039.8,750.3,3.03,3502.0,194.7,47.6,False
WM00121,F004,Pad A-10,2025-06-11 00:00:00,1405.6,513.0,3.68,1629.0,276.0,42.5,False
WM00122,F004,Pad A-7,2025-06-11 02:00:00,2282.7,974.4,2.2,2311.0,207.2,57.2,False
WM00123,F004,Pad A-10,2025-06-11 04:00:00,1164.7,957.7,2.55,1935.0,192.7,51.5,False
WM00124,F002,Pad A-6,2025-06-11 06:00:00,3429.5,1102.8,5.12,3066.0,242.4,44.8,False
WM00125,F003,Pad A-13,2025-06-11 08:00:00,1711.0,217.1,4.49,3956.0,246.0,34.9,False
WM00126,F002,Pad A-5,2025-06-11 10:00:00,3173.2,1114.6,5.47,3586.0,244.5,40.7,False
WM00127,F003,Pad A-15,2025-06-11 12:00:00,2139.0,729.0,4.05,1933.0,207.2,45.7,False
WM00128,F003,Pad A-15,2025-06-11 14:00:00,2263.1,679.1,4.76,4020.0,239.1,20.9,False
WM00129,F004,Pad A-13,2025-06-11 16:00:00,2023.7,582.9,4.36,1907.0,277.2,42.8,False
WM00130,F001,Pad A-3,2025-06-11 18:00:00,870.4,309.0,4.61,1682.0,252.9,30.9,False
WM00131,F002,Pad A-7,2025-06-11 20:00:00,1639.1,419.7,3.15,2432.0,208.7,55.0,False
WM00132,F001,Pad A-6,2025-06-11 22:00:00,2101.4,783.9,4.25,4048.0,271.4,43.8,False
WM00133,F002,Pad A-13,2025-06-12 00:00:00,2939.9,457.8,3.02,3805.0,215.5,60.0,False
WM00134,F001,Pad A-2,2025-06-12 02:00:00,2633.9,275.7,4.17,2743.0,269.5,58.4,False
WM00135,F004,Pad A-7,2025-06-12 04:00:00,3307.2,841.1,3.27,2473.0,189.2,39.9,False
WM00136,F003,Pad A-7,2025-06-12 06:00:00,3487.7,658.9,2.4,2603.0,275.6,17.6,False
WM00137,F004,Pad A-13,2025-06-12 08:00:00,2487.1,269.9,5.35,2795.0,204.1,48.3,False
WM00138,F002,Pad A-15,2025-06-12 10:00:00,3474.9,659.5,2.54,2277.0,233.1,54.6,False
WM00139,F003,Pad A-15,2025-06-12 12:00:00,899.7,532.5,4.87,4369.0,244.7,27.9,False
WM00140,F003,Pad A-6,2025-06-12 14:00:00,3259.5,392.6,2.41,4106.0,275.4,44.0,False
WM00141,F002,Pad A-14,2025-06-12 16:00:00,569.5,101.5,2.32,3094.0,180.7,30.5,False
WM00142,F003,Pad A-10,2025-06-12 18:00:00,1270.9,1155.5,2.66,1797.0,233.1,39.4,False
WM00143,F003,Pad A-5,2025-06-12 20:00:00,2455.4,1134.3,2.85,1895.0,214.2,23.5,False
WM00144,F001,Pad A-7,2025-06-12 22:00:00,2984.8,370.5,2.16,2863.0,207.7,45.9,False
WM00145,F003,Pad A-4,2025-06-13 00:00:00,2952.7,1097.7,4.26,1842.0,207.7,46.9,False
WM00146,F001,Pad A-5,2025-06-13 02:00:00,2050.4,315.6,2.31,3355.0,240.8,34.0,False
WM00147,F004,Pad A-1,2025-06-13 04:00:00,917.2,780.8,2.18,3158.0,180.8,39.7,False
WM00148,F003,Pad A-14,2025-06-13 06:00:00,1359.5,1080.1,2.69,3763.0,268.6,34.7,False
WM00149,F003,Pad A-4,2025-06-13 08:00:00,1579.1,542.1,2.83,1633.0,212.6,22.4,False
WM00150,F003,Pad A-3,2025-06-13 10:00:00,1589.4,376.2,2.95,3282.0,260.1,21.7,False
WM00151,F004,Pad A-8,2025-06-13 12:00:00,2933.5,178.8,5.38,1916.0,197.9,49.0,False
WM00152,F001,Pad A-5,2025-06-13 14:00:00,2135.2,997.9,3.33,1819.0,218.5,54.7,False
WM00153,F004,Pad A-11,2025-06-13 16:00:00,1465.2,1157.1,3.81,2036.0,190.1,33.0,False
WM00154,F004,Pad A-2,2025-06-13 18:00:00,1773.6,842.4,3.52,1603.0,273.6,55.4,True
WM00155,F001,Pad A-14,2025-06-13 20:00:00,3147.9,651.5,4.08,1592.0,211.6,43.4,False
WM00156,F004,Pad A-4,2025-06-13 22:00:00,828.7,805.1,2.22,3450.0,254.9,39.6,False
WM00157,F001,Pad A-10,2025-06-14 00:00:00,2674.1,278.9,2.02,4191.0,244.4,52.8,False
WM00158,F001,Pad A-4,2025-06-14 02:00:00,3274.8,230.7,4.36,3694.0,191.0,24.5,False
WM00159,F002,Pad A-4,2025-06-14 04:00:00,1879.1,341.3,3.79,2479.0,272.9,43.6,False
WM00160,F002,Pad A-3,2025-06-14 06:00:00,1169.0,953.8,5.31,1717.0,188.6,20.6,False
WM00161,F004,Pad A-6,2025-06-14 08:00:00,1688.4,791.9,2.35,3137.0,212.0,30.6,False
WM00162,F003,Pad A-9,2025-06-14 10:00:00,1268.5,234.5,3.77,1623.0,239.3,32.9,False
WM00163,F002,Pad A-6,2025-06-14 12:00:00,2645.6,486.0,5.0,1665.0,200.3,39.3,True
WM00164,F002,Pad A-11,2025-06-14 14:00:00,3104.9,524.5,3.58,3599.0,260.3,31.6,False
WM00165,F001,Pad A-8,2025-06-14 16:00:00,2647.1,856.5,4.11,3862.0,227.3,46.9,True
WM00166,F003,Pad A-6,2025-06-14 18:00:00,654.9,944.2,3.49,4420.0,253.1,36.0,False
WM00167,F002,Pad A-12,2025-06-14 20:00:00,2974.9,829.5,2.97,2671.0,200.8,15.3,False
WM00168,F004,Pad A-15,2025-06-14 22:00:00,1922.6,602.9,2.05,2399.0,213.6,23.0,False
WM00169,F002,Pad A-7,2025-06-15 00:00:00,2532.0,1139.2,2.93,2749.0,189.8,33.7,True
WM00170,F003,Pad A-15,2025-06-15 02:00:00,1595.4,1193.7,5.22,3074.0,191.7,16.8,False
WM00171,F002,Pad A-15,2025-06-15 04:00:00,3075.9,1193.1,3.04,1851.0,231.0,26.8,False
WM00172,F004,Pad A-9,2025-06-15 06:00:00,556.0,210.1,4.81,4462.0,269.7,20.2,False
WM00173,F002,Pad A-10,2025-06-15 08:00:00,2878.8,204.3,4.71,2081.0,189.7,21.6,False
WM00174,F004,Pad A-2,2025-06-15 10:00:00,1362.3,435.2,3.0,1596.0,261.5,52.7,False
WM00175,F001,Pad A-3,2025-06-15 12:00:00,2122.9,147.0,2.88,3064.0,274.5,45.8,False
WM00176,F004,Pad A-11,2025-06-15 14:00:00,2495.9,163.6,2.79,2134.0,240.9,19.5,False
WM00177,F002,Pad A-2,2025-06-15 16:00:00,2344.4,816.1,3.0,2904.0,271.6,35.7,False
WM00178,F001,Pad A-5,2025-06-15 18:00:00,590.8,303.1,3.21,2657.0,234.0,25.8,False
WM00179,F001,Pad A-6,2025-06-15 20:00:00,1210.1,1014.4,2.91,3262.0,267.2,19.7,False
WM00180,F004,Pad A-13,2025-06-15 22:00:00,1731.1,1059.4,3.49,3472.0,197.5,49.8,False
WM00181,F003,Pad A-13,2025-06-16 00:00:00,1877.3,657.0,3.89,3138.0,241.8,46.0,False
WM00182,F004,Pad A-3,2025-06-16 02:00:00,2278.3,1164.8,2.05,3618.0,217.3,57.3,False
WM00183,F001,Pad A-6,2025-06-16 04:00:00,1168.6,322.7,3.68,2210.0,236.3,59.3,False
WM00184,F001,Pad A-11,2025-06-16 06:00:00,3162.0,493.5,4.8,3339.0,194.4,26.3,False
WM00185,F004,Pad A-4,2025-06-16 08:00:00,3314.1,791.1,4.68,3978.0,221.5,28.8,False
WM00186,F003,Pad A-7,2025-06-16 10:00:00,2424.3,1109.7,2.09,4109.0,258.2,31.7,False
WM00187,F001,Pad A-13,2025-06-16 12:00:00,844.9,424.9,2.22,3906.0,274.9,49.1,False
WM00188,F001,Pad A-11,2025-06-16 14:00:00,1233.9,211.5,3.69,4319.0,251.5,38.2,False
WM00189,F003,Pad A-6,2025-06-16 16:00:00,827.2,244.3,4.18,2564.0,258.1,52.9,False
WM00190,F003,Pad A-1,2025-06-16 18:00:00,2907.3,877.5,2.28,3037.0,214.2,53.5,False
WM00191,F004,Pad A-11,2025-06-16 20:00:00,2526.5,196.8,4.81,2319.0,205.6,56.2,False
WM00192,F003,Pad A-7,2025-06-16 22:00:00,2012.4,1114.7,5.26,4145.0,231.0,58.5,False
WM00193,F001,Pad A-10,2025-06-17 00:00:00,898.2,568.2,3.16,4231.0,217.7,38.2,True
WM00194,F004,Pad A-8,2025-06-17 02:00:00,1151.6,637.5,5.16,3425.0,262.2,46.5,False
WM00195,F001,Pad A-1,2025-06-17 04:00:00,912.2,1094.5,2.49,3135.0,274.9,44.4,False
WM00196,F001,Pad A-12,2025-06-17 06:00:00,2257.6,827.4,3.67,3775.0,220.9,17.7,False
WM00197,F003,Pad A-1,2025-06-17 08:00:00,3160.0,465.4,4.02,2072.0,238.1,24.2,False
WM00198,F002,Pad A-7,2025-06-17 10:00:00,2953.7,1162.9,3.05,2740.0,263.3,32.6,False
WM00199,F001,Pad A-1,2025-06-17 12:00:00,2716.1,648.1,5.01,3578.0,201.2,29.3,False
WM00200,F003,Pad A-6,2025-06-17 14:00:00,606.2,201.3,4.58,1606.0,268.8,15.2,False
WM00201,F004,Pad A-4,2025-06-17 16:00:00,1756.7,864.1,2.58,3169.0,203.3,48.3,False
WM00202,F002,Pad A-2,2025-06-17 18:00:00,2380.0,812.3,5.33,4181.0,233.1,58.1,False
WM00203,F004,Pad A-3,2025-06-17 20:00:00,2777.0,142.8,2.72,2117.0,272.1,56.2,False
WM00204,F002,Pad A-4,2025-06-17 22:00:00,1862.7,725.1,5.46,3715.0,217.4,41.4,False
WM00205,F001,Pad A-9,2025-06-18 00:00:00,2088.0,599.8,5.21,3239.0,240.8,29.4,False
WM00206,F002,Pad A-4,2025-06-18 02:00:00,1228.7,813.2,2.26,4092.0,211.3,36.2,False
WM00207,F002,Pad A-7,2025-06-18 04:00:00,2670.3,614.3,4.42,3917.0,216.4,33.3,True
WM00208,F004,Pad A-9,2025-06-18 06:00:00,2098.0,967.5,2.47,2375.0,218.7,39.5,False
WM00209,F001,Pad A-7,2025-06-18 08:00:00,1270.0,546.9,5.23,4060.0,249.3,34.9,False
WM00210,F001,Pad A-12,2025-06-18 10:00:00,1930.3,844.9,4.95,2233.0,224.4,19.7,False
WM00211,F004,Pad A-8,2025-06-18 12:00:00,2004.8,189.7,2.83,3115.0,253.1,31.2,False
WM00212,F002,Pad A-10,2025-06-18 14:00:00,1458.1,738.1,5.39,1861.0,258.2,49.2,False
WM00213,F003,Pad A-5,2025-06-18 16:00:00,3177.6,1004.9,3.24,2894.0,211.7,41.2,False
WM00214,F003,Pad A-3,2025-06-18 18:00:00,2277.9,607.3,2.92,3912.0,247.1,30.0,False
WM00215,F002,Pad A-12,2025-06-18 20:00:00,2845.6,414.5,2.85,1952.0,275.8,58.9,False
WM00216,F003,Pad A-4,2025-06-18 22:00:00,851.7,398.2,2.23,1507.0,267.0,27.4,False
WM00217,F003,Pad A-7,2025-06-19 00:00:00,2450.4,612.2,4.65,3257.0,217.9,47.6,False
WM00218,F002,Pad A-14,2025-06-19 02:00:00,773.0,1153.8,3.2,1676.0,210.4,49.2,False
WM00219,F004,Pad A-2,2025-06-19 04:00:00,1128.1,461.8,3.17,3289.0,256.2,54.5,False
WM00220,F001,Pad A-2,2025-06-19 06:00:00,2243.6,530.5,5.43,3391.0,206.2,30.9,False
WM00221,F002,Pad A-13,2025-06-19 08:00:00,2216.3,423.6,2.99,2708.0,256.1,58.5,False
WM00222,F002,Pad A-10,2025-06-19 10:00:00,2413.5,680.5,3.7,3736.0,197.7,42.4,False
WM00223,F001,Pad A-4,2025-06-19 12:00:00,2690.1,579.2,4.23,2410.0,276.3,32.3,False
WM00224,F001,Pad A-9,2025-06-19 14:00:00,1683.0,289.5,4.43,1755.0,278.1,27.1,False
WM00225,F001,Pad A-15,2025-06-19 16:00:00,2501.6,816.5,3.74,4154.0,261.0,29.5,False
WM00226,F001,Pad A-15,2025-06-19 18:00:00,1396.1,197.6,5.14,4162.0,225.9,33.0,False
WM00227,F002,Pad A-15,2025-06-19 20:00:00,1209.2,598.8,4.45,1732.0,220.9,15.9,False
WM00228,F004,Pad A-12,2025-06-19 22:00:00,2412.9,608.4,2.22,1608.0,224.9,41.9,True
WM00229,F002,Pad A-15,2025-06-20 00:00:00,3269.9,900.7,3.62,4216.0,269.8,58.6,False
WM00230,F003,Pad A-11,2025-06-20 02:00:00,3129.0,792.8,4.77,3144.0,187.3,42.5,False
WM00231,F004,Pad A-9,2025-06-20 04:00:00,3132.8,566.9,3.51,2600.0,236.8,45.9,False
WM00232,F001,Pad A-11,2025-06-20 06:00:00,2065.5,770.8,4.75,1576.0,227.0,43.0,False
WM00233,F003,Pad A-3,2025-06-20 08:00:00,3039.4,926.0,2.78,1693.0,236.7,18.6,False
WM00234,F001,Pad A-3,2025-06-20 10:00:00,1519.3,978.1,4.07,3203.0,226.8,19.4,False
WM00235,F002,Pad A-15,2025-06-20 12:00:00,3464.8,675.4,4.55,3470.0,187.8,54.6,False
WM00236,F003,Pad A-3,2025-06-20 14:00:00,3434.5,225.0,2.06,4287.0,236.2,56.9,False
WM00237,F004,Pad A-13,2025-06-20 16:00:00,1799.2,368.1,2.65,4098.0,266.0,51.2,False
WM00238,F004,Pad A-11,2025-06-20 18:00:00,3067.7,665.8,2.69,4357.0,195.8,19.8,False
WM00239,F003,Pad A-10,2025-06-20 20:00:00,1790.7,1093.7,4.37,3673.0,256.4,44.9,False
WM00240,F001,Pad A-3,2025-06-20 22:00:00,3235.6,746.1,4.95,4295.0,262.4,47.3,False
WM00241,F001,Pad A-5,2025-06-21 00:00:00,1373.8,1035.4,5.39,2431.0,212.1,34.1,False
WM00242,F002,Pad A-4,2025-06-21 02:00:00,2575.9,1135.5,4.16,1861.0,242.6,26.0,False
WM00243,F003,Pad A-9,2025-06-21 04:00:00,2158.8,681.1,2.16,3009.0,249.6,49.6,True
WM00244,F003,Pad A-11,2025-06-21 06:00:00,3498.3,1097.4,3.0,3448.0,245.6,49.3,False
WM00245,F004,Pad A-6,2025-06-21 08:00:00,2301.0,1037.4,4.88,2445.0,238.6,56.4,False
WM00246,F001,Pad A-9,2025-06-21 10:00:00,1294.5,1116.6,3.32,2950.0,207.8,45.2,False
WM00247,F003,Pad A-14,2025-06-21 12:00:00,2707.2,641.4,4.84,4263.0,272.7,31.6,False
WM00248,F002,Pad A-2,2025-06-21 14:00:00,502.0,432.4,2.66,2891.0,219.4,41.7,False
WM00249,F004,Pad A-12,2025-06-21 16:00:00,2630.9,887.8,2.19,2228.0,216.0,34.2,False
WM00250,F002,Pad A-11,2025-06-21 18:00:00,2956.6,1100.2,2.44,3463.0,270.5,51.5,False
WM00251,F004,Pad A-11,2025-06-21 20:00:00,1757.2,971.1,3.07,3892.0,191.7,16.0,False
WM00252,F003,Pad A-12,2025-06-21 22:00:00,2496.8,474.8,4.54,2720.0,260.1,22.1,False
WM00253,F003,Pad A-9,2025-06-22 00:00:00,2873.0,501.2,4.25,4160.0,209.7,40.3,False
WM00254,F001,Pad A-9,2025-06-22 02:00:00,2002.4,603.8,4.43,3029.0,273.9,25.3,False
WM00255,F002,Pad A-14,2025-06-22 04:00:00,2156.1,160.2,2.11,3735.0,200.2,28.8,False
WM00256,F002,Pad A-9,2025-06-22 06:00:00,2528.2,617.9,3.05,3156.0,266.2,50.8,False
WM00257,F001,Pad A-15,2025-06-22 08:00:00,2763.3,229.4,2.01,1664.0,191.1,58.2,False
WM00258,F002,Pad A-14,2025-06-22 10:00:00,1535.8,700.6,4.12,3091.0,236.9,21.5,False
WM00259,F003,Pad A-11,2025-06-22 12:00:00,2794.1,1121.5,2.38,2255.0,199.9,38.2,False
WM00260,F004,Pad A-14,2025-06-22 14:00:00,1271.2,556.4,4.15,1754.0,253.6,38.6,False
WM00261,F003,Pad A-3,2025-06-22 16:00:00,2773.3,172.1,5.06,3013.0,254.0,52.6,False
WM00262,F002,Pad A-10,2025-06-22 18:00:00,1708.9,939.0,2.83,2018.0,235.4,56.5,False
WM00263,F003,Pad A-15,2025-06-22 20:00:00,2797.9,948.4,3.76,3405.0,227.4,55.4,False
WM00264,F001,Pad A-13,2025-06-22 22:00:00,1439.6,384.8,4.4,3493.0,212.8,40.6,True
WM00265,F004,Pad A-6,2025-06-23 00:00:00,772.5,624.4,2.94,3339.0,265.0,36.3,True
WM00266,F001,Pad A-5,2025-06-23 02:00:00,1652.2,177.6,4.33,3673.0,249.6,55.9,False
WM00267,F002,Pad A-14,2025-06-23 04:00:00,1922.2,831.3,4.3,2557.0,201.6,37.6,False
WM00268,F001,Pad A-13,2025-06-23 06:00:00,1354.1,1140.0,5.19,2877.0,229.4,48.6,False
WM00269,F002,Pad A-1,2025-06-23 08:00:00,2099.9,949.6,5.37,3963.0,206.2,39.1,False
WM00270,F003,Pad A-8,2025-06-23 10:00:00,3379.1,182.6,3.05,4067.0,256.0,21.8,False
WM00271,F003,Pad A-1,2025-06-23 12:00:00,725.9,918.4,4.99,2999.0,181.1,30.3,False
WM00272,F004,Pad A-1,2025-06-23 14:00:00,1262.0,1143.3,2.85,1587.0,243.2,45.3,False
WM00273,F001,Pad A-2,2025-06-23 16:00:00,980.9,955.9,2.83,2405.0,271.0,43.4,False
WM00274,F003,Pad A-1,2025-06-23 18:00:00,3305.2,388.2,2.98,4123.0,220.8,47.6,False
WM00275,F004,Pad A-15,2025-06-23 20:00:00,2350.5,448.5,2.11,3680.0,195.3,26.7,False
WM00276,F001,Pad A-13,2025-06-23 22:00:00,3128.6,123.4,4.53,3018.0,213.4,55.2,False
WM00277,F003,Pad A-13,2025-06-24 00:00:00,2274.7,804.0,2.94,3247.0,239.2,33.6,False
WM00278,F004,Pad A-13,2025-06-24 02:00:00,2317.2,271.1,2.53,3765.0,267.1,53.9,False
WM00279,F003,Pad A-13,2025-06-24 04:00:00,1170.2,800.0,2.68,2199.0,202.1,45.6,False
WM00280,F001,Pad A-10,2025-06-24 06:00:00,541.7,789.3,4.04,1616.0,269.5,37.1,False
WM00281,F003,Pad A-4,2025-06-24 08:00:00,782.0,370.0,2.82,4413.0,209.0,46.5,False
WM00282,F004,Pad A-12,2025-06-24 10:00:00,1109.8,528.9,3.39,1786.0,183.6,16.0,False
WM00283,F004,Pad A-13,2025-06-24 12:00:00,1926.2,877.8,3.03,2164.0,201.5,40.6,False
WM00284,F001,Pad A-14,2025-06-24 14:00:00,1937.8,358.0,4.52,1566.0,204.4,21.1,False
WM00285,F004,Pad A-15,2025-06-24 16:00:00,2483.5,710.5,5.43,2558.0,258.8,59.4,False
WM00286,F003,Pad A-5,2025-06-24 18:00:00,3150.5,758.3,5.46,3304.0,222.8,20.1,False
WM00287,F003,Pad A-4,2025-06-24 20:00:00,1807.1,646.8,2.68,4304.0,226.8,44.5,False
WM00288,F001,Pad A-4,2025-06-24 22:00:00,1827.9,471.4,2.18,2049.0,203.0,58.5,False
WM00289,F004,Pad A-13,2025-06-25 00:00:00,906.6,215.3,5.45,1816.0,251.7,24.1,False
WM00290,F004,Pad A-2,2025-06-25 02:00:00,1099.5,1004.2,2.25,1616.0,236.2,16.0,True
WM00291,F004,Pad A-7,2025-06-25 04:00:00,2240.7,1060.2,2.8,3607.0,184.6,25.3,False
WM00292,F002,Pad A-7,2025-06-25 06:00:00,2272.7,590.2,2.3,3823.0,236.1,44.9,False
WM00293,F002,Pad A-13,2025-06-25 08:00:00,2394.5,594.9,4.04,1690.0,189.2,48.0,False
WM00294,F004,Pad A-3,2025-06-25 10:00:00,773.3,720.2,4.28,1864.0,211.4,45.7,False
WM00295,F002,Pad A-15,2025-06-25 12:00:00,701.7,1145.9,4.97,2324.0,244.3,45.1,True
WM00296,F004,Pad A-1,2025-06-25 14:00:00,2700.2,768.6,5.04,3640.0,203.2,41.9,False
WM00297,F001,Pad A-8,2025-06-25 16:00:00,1124.3,251.3,4.52,1579.0,228.5,58.8,False
WM00298,F004,Pad A-9,2025-06-25 18:00:00,596.3,174.8,4.22,2148.0,228.3,59.7,False
WM00299,F004,Pad A-8,2025-06-25 20:00:00,2883.3,207.1,3.32,3372.0,267.3,42.3,False
WM00300,F001,Pad A-10,2025-06-25 22:00:00,1909.5,597.7,3.92,1861.0,211.7,18.0,False
